metricsystem3	metricsystem4	metricsystem2	metricsystem5	metricsystem1	Online-B	Facebook-AI	Online-G	Online-A	Nemo	Online-Y	NiuTrans	Online-W	Manifold
0.37738916277885437	0.317770391702652	0.4345363676548004	0.39967530965805054	0.3655131459236145	0.4337023198604584	0.4600059390068054	0.4280584752559662	0.41000956296920776	0.41613250970840454	0.37642085552215576	0.4031548500061035	0.44979432225227356	0.4134891927242279
