Facebook-AI	Manifold	metricsystem1	metricsystem2	metricsystem3	metricsystem4	metricsystem5	Nemo	NiuTrans	Online-A	Online-B	Online-G	Online-W	Online-Y
0.11253093812375234	0.10777145708582812	0.10857285429141703	0.10972654690618742	0.10549101796407173	0.10597804391217552	0.10505588822355283	0.10852095808383205	0.10570658682634716	0.10753293413173624	0.10908582834331322	0.10917764471057861	0.11335728542914157	0.10286726546906176
