metricsystem3	metricsystem4	metricsystem2	metricsystem5	metricsystem1	Online-B	Facebook-AI	Online-G	Online-A	Nemo	Online-Y	NiuTrans	Online-W	Manifold
0.5589278936386108	0.7413501143455505	0.5049605369567871	0.5365996956825256	0.7171235680580139	0.5038757920265198	0.5010734796524048	0.5193337798118591	0.5271983742713928	0.5372776985168457	0.5453682541847229	0.5414811372756958	0.5000339150428772	0.5302266478538513
