Facebook-AI	Manifold	metricsystem1	metricsystem2	metricsystem3	metricsystem4	metricsystem5	Nemo	NiuTrans	Online-A	Online-B	Online-G	Online-W	Online-Y
0.7381736526946107	0.7036526946107788	0.7219361277445104	0.722674650698602	0.6876546906187619	0.7065319361277442	0.695658682634731	0.7116167664670656	0.6886626746506995	0.704760479041916	0.7188622754491014	0.7155988023952096	0.7425998003992009	0.6728992015968059
