Facebook-AI	Manifold	metricsystem1	metricsystem2	metricsystem3	metricsystem4	metricsystem5	Nemo	NiuTrans	Online-A	Online-B	Online-G	Online-W	Online-Y
0.043592315369261316	0.041112275449101704	0.0407105788423152	0.04221457085828329	0.0397989021956087	0.03900049900199585	0.040074850299401076	0.0414191616766466	0.03995708582834324	0.04102694610778432	0.04193662674650687	0.041894710578842226	0.04378992015968049	0.03862325349301394
