metricsystem3	metricsystem4	metricsystem2	metricsystem5	metricsystem1	Online-B	Facebook-AI	Online-G	Online-A	Nemo	Online-Y	NiuTrans	Online-W	Manifold
0.5704300999641418	0.5838576555252075	0.6078940033912659	0.5929989814758301	0.5941600203514099	0.6089352965354919	0.6174074411392212	0.6061373353004456	0.596690833568573	0.5988070964813232	0.570746660232544	0.5795548558235168	0.614379346370697	0.5901292562484741
