metricsystem1	metricsystem2	metricsystem3	metricsystem4	metricsystem5	Online-W	Facebook-AI	Online-B	Online-G	Nemo	Online-A	Manifold	NiuTrans	Online-Y
90.7893802019906	89.86068888685439	85.65086872289496	91.25163186334412	90.87784823802092	91.79684505494448	92.74915484348324	85.66266771930944	87.22499500993266	87.49645893349458	87.86590660466067	86.85844601583845	83.474080216244	79.2740913152717
