metricsystem1	metricsystem2	metricsystem3	metricsystem4	metricsystem5	Online-W	Facebook-AI	Online-B	Online-G	Nemo	Online-A	Manifold	NiuTrans	Online-Y
72.07461440802213	75.19226744039221	60.173108189102464	70.62986120860236	74.15301679737277	90.8374575491852	87.39813155216693	78.0449083600542	77.6186068039541	73.76499851368743	71.92987845285788	68.26631216842242	69.94355850658161	61.906624798776406
