Online-W	Facebook-AI	Online-G	Online-B	Online-A	Nemo	Manifold	NiuTrans	Online-Y
0.1861488870401261	0.1218816113037669	0.0314735663948689	-0.0104582430077039	-0.0129634236616021	-0.0229275479571539	-0.0245797309567709	-0.165372441739263	-0.375979210564871
