Online-W	Facebook-AI	Online-G	Online-B	Online-A	Nemo	Manifold	NiuTrans	Online-Y
82.61721435793731	82.16321023469762	79.15659032671364	79.06659422389646	76.44655421207145	78.82008606472893	76.41590817761704	76.41015279127525	70.61695910626634
