Facebook-AI	Manifold	metricsystem1	metricsystem2	metricsystem3	metricsystem4	metricsystem5	Nemo	NiuTrans	Online-A	Online-B	Online-G	Online-W	Online-Y
0.5261850953102112	0.49855291843414307	0.5170201659202576	0.5181063413619995	0.5023432970046997	0.5117136836051941	0.5095601081848145	0.5020860433578491	0.49885958433151245	0.5101169943809509	0.516908586025238	0.5182790756225586	0.5271667838096619	0.496063232421875
