Facebook-AI	Manifold	metricsystem1	metricsystem2	metricsystem3	metricsystem4	metricsystem5	Nemo	NiuTrans	Online-A	Online-B	Online-G	Online-W	Online-Y
0.11787695312499995	0.11475781250000006	0.11598046875000001	0.11645703125000002	0.11394140625000007	0.11501757812499994	0.11267968749999999	0.11466015625000003	0.11372265625000005	0.113966796875	0.11620507812500003	0.11601757812499996	0.11852734375000008	0.11332226562499992
