Facebook-AI	Manifold	metricsystem1	metricsystem2	metricsystem3	metricsystem4	metricsystem5	Nemo	NiuTrans	Online-A	Online-B	Online-G	Online-W	Online-Y
0.6810249090194702	0.7123268842697144	0.698060929775238	0.6797783970832825	0.7033240795135498	0.7091412544250488	0.7083102464675903	0.7090027928352356	0.7036011219024658	0.698199450969696	0.6783933639526367	0.6842105388641357	0.6541551351547241	0.688504159450531
