Facebook-AI	Manifold	metricsystem1	metricsystem2	metricsystem3	metricsystem4	metricsystem5	Nemo	NiuTrans	Online-A	Online-B	Online-G	Online-W	Online-Y
0.7320117187499999	0.7015429687500004	0.7164453125	0.7210546874999995	0.6998632812500004	0.7087695312499999	0.6978515625000004	0.7023242187500001	0.69392578125	0.700058593749999	0.7172460937499993	0.7190039062500002	0.7396874999999998	0.6906640625
