Facebook-AI	Manifold	metricsystem1	metricsystem2	metricsystem3	metricsystem4	metricsystem5	Nemo	NiuTrans	Online-A	Online-B	Online-G	Online-W	Online-Y
0.04350585937499999	0.041648437499999975	0.04254882812500001	0.04289453124999993	0.041427734375	0.04178906250000004	0.04098046875	0.041634765624999986	0.04124999999999996	0.041406250000000026	0.042658203124999954	0.042671875000000026	0.04399609375000002	0.04107031249999999
