Facebook-AI	Manifold	metricsystem1	metricsystem2	metricsystem3	metricsystem4	metricsystem5	Nemo	NiuTrans	Online-A	Online-B	Online-G	Online-W	Online-Y
0.2586090564727783	0.2269527018070221	0.25295448303222656	0.251773476600647	0.2307315170764923	0.24530093371868134	0.23566047847270966	0.23155800998210907	0.23113997280597687	0.24007576704025269	0.2500293254852295	0.24769747257232666	0.26570814847946167	0.23102639615535736
